instruction,response,output,prompt,history,summary,his_len
Thank you for your tip. [ORG] will be dispatched to investigate. Would you like them to contact you?,Yes I donâ€™t want them to come to my dorm but I want them to know who saw the person and where they went,Thank you for your tip. [ORG] will be dispatched to investigate. Would you like them to contact you?,"A chat between an individual reporting a safety concern to the local police department and a dispatcher from the police department. The dispatcher gives helpful and detailed guidance and instructions on how to proceed. The dispatcher is also supposed to give necessary emotional support to the citizen.
 
 User: 
Dispatcher: Are these people in the hallway, or in a room? And if so, what room are they in? 
 User: Thank you for your tip. [ORG] will be dispatched to investigate. Would you like them to contact you?
Dispatcher:","[['', 'Are these people in the hallway, or in a room? And if so, what room are they in?']]",,5
You didn't otherwise I wouldn't be in situation I'm in :(,"ok, did you see who did it? and can you give me the name of your university?",You didn't otherwise I wouldn't be in situation I'm in :(,"A chat between an individual reporting a safety concern to the local police department and a dispatcher from the police department. The dispatcher gives helpful and detailed guidance and instructions on how to proceed. The dispatcher is also supposed to give necessary emotional support to the citizen.
 
 User: 
Dispatcher: where exactly are you located on the [ORG]? 
 User: You didn't otherwise I wouldn't be in situation I'm in :(
Dispatcher:","[['', 'where exactly are you located on the [ORG]?']]",,18
